yrmonth,sector,energy_total
1973 January,residential,1891.085
1973 February,residential,1654.702
1973 March,residential,1449.509
1973 April,residential,1129.599
1973 May,residential,953.569
1973 June,residential,861.453
1973 July,residential,905.936
1973 August,residential,940.74
1973 September,residential,894.153
1973 October,residential,936.71
1973 November,residential,1158.124
1973 December,residential,1476.39
1974 January,residential,1771.885
1974 February,residential,1523.817
1974 March,residential,1384.949
1974 April,residential,1151.233
1974 May,residential,942.738
1974 June,residential,855.001
1974 July,residential,926.932
1974 August,residential,905.321
1974 September,residential,849.516
1974 October,residential,948.281
1974 November,residential,1101.086
1974 December,residential,1571.191
1975 January,residential,1714.381
1975 February,residential,1579.805
1975 March,residential,1491.686
1975 April,residential,1314.001
1975 May,residential,966.28
1975 June,residential,861.306
1975 July,residential,917.352
1975 August,residential,932.43
1975 September,residential,860.012
1975 October,residential,892.878
1975 November,residential,1017.32
1975 December,residential,1552.369
1976 January,residential,1943.896
1976 February,residential,1626.356
1976 March,residential,1388.044
1976 April,residential,1112.624
1976 May,residential,949.989
1976 June,residential,894.103
1976 July,residential,927.183
1976 August,residential,923.885
1976 September,residential,859.394
1976 October,residential,956.341
1976 November,residential,1338.969
1976 December,residential,1835.179
1977 January,residential,2224.329
1977 February,residential,1843.874
1977 March,residential,1406.783
1977 April,residential,1090.57
1977 May,residential,930.007
1977 June,residential,914.484
1977 July,residential,1023.475
1977 August,residential,1003.725
1977 September,residential,918.701
1977 October,residential,974.527
1977 November,residential,1134.269
1977 December,residential,1675.267
1978 January,residential,1961.487
1978 February,residential,1891.815
1978 March,residential,1650.738
1978 April,residential,1155.072
1978 May,residential,1013.537
1978 June,residential,936.424
1978 July,residential,1013.764
1978 August,residential,1047.181
1978 September,residential,966.148
1978 October,residential,998
1978 November,residential,1184.021
1978 December,residential,1654.595
1979 January,residential,2042.537
1979 February,residential,1951.564
1979 March,residential,1553.254
1979 April,residential,1187.361
1979 May,residential,965.703
1979 June,residential,893.965
1979 July,residential,972.103
1979 August,residential,1021.03
1979 September,residential,917.371
1979 October,residential,966.933
1979 November,residential,1161.292
1979 December,residential,1533.089
1980 January,residential,1772.957
1980 February,residential,1738.706
1980 March,residential,1555.381
1980 April,residential,1153.904
1980 May,residential,948.451
1980 June,residential,931.668
1980 July,residential,1088.168
1980 August,residential,1102.152
1980 September,residential,981.932
1980 October,residential,997.657
1980 November,residential,1190.089
1980 December,residential,1626.047
1981 January,residential,1970.243
1981 February,residential,1637.829
1981 March,residential,1400.329
1981 April,residential,1060.717
1981 May,residential,939.678
1981 June,residential,939.889
1981 July,residential,1049.824
1981 August,residential,1020.361
1981 September,residential,897.3
1981 October,residential,1005.876
1981 November,residential,1143.173
1981 December,residential,1561.403
1982 January,residential,1982.381
1982 February,residential,1685.886
1982 March,residential,1467.198
1982 April,residential,1230.228
1982 May,residential,938.149
1982 June,residential,896.052
1982 July,residential,1020.984
1982 August,residential,1024.794
1982 September,residential,959.891
1982 October,residential,956.204
1982 November,residential,1118.231
1982 December,residential,1477.089
1983 January,residential,1854.051
1983 February,residential,1517.585
1983 March,residential,1425.345
1983 April,residential,1206.709
1983 May,residential,959.663
1983 June,residential,897.329
1983 July,residential,1052.334
1983 August,residential,1128.565
1983 September,residential,982.729
1983 October,residential,922.814
1983 November,residential,1078.321
1983 December,residential,1561.009
1984 January,residential,2061.542
1984 February,residential,1612.026
1984 March,residential,1527.336
1984 April,residential,1224.728
1984 May,residential,1032.972
1984 June,residential,976.066
1984 July,residential,1050.773
1984 August,residential,1091.09
1984 September,residential,967.135
1984 October,residential,953.96
1984 November,residential,1144.379
1984 December,residential,1525.598
1985 January,residential,1899.966
1985 February,residential,1856.531
1985 March,residential,1461.819
1985 April,residential,1149.65
1985 May,residential,950.61
1985 June,residential,968.436
1985 July,residential,1081.569
1985 August,residential,1092.228
1985 September,residential,1004.921
1985 October,residential,1000.075
1985 November,residential,1133.045
1985 December,residential,1746.166
1986 January,residential,1937.142
1986 February,residential,1637.455
1986 March,residential,1476.833
1986 April,residential,1119.028
1986 May,residential,991.396
1986 June,residential,986.451
1986 July,residential,1172.637
1986 August,residential,1118.476
1986 September,residential,985.637
1986 October,residential,1019.352
1986 November,residential,1179.975
1986 December,residential,1619.548
1987 January,residential,1880.379
1987 February,residential,1640.138
1987 March,residential,1507.648
1987 April,residential,1197.931
1987 May,residential,1018.105
1987 June,residential,1048.184
1987 July,residential,1197.566
1987 August,residential,1206.734
1987 September,residential,1019.469
1987 October,residential,1061.475
1987 November,residential,1208.917
1987 December,residential,1647.179
1988 January,residential,2091.744
1988 February,residential,1823.13
1988 March,residential,1589.604
1988 April,residential,1220.611
1988 May,residential,1056.881
1988 June,residential,1066.191
1988 July,residential,1253.16
1988 August,residential,1312.705
1988 September,residential,1060.478
1988 October,residential,1096.178
1988 November,residential,1278.477
1988 December,residential,1728.738
1989 January,residential,1926.679
1989 February,residential,1814.348
1989 March,residential,1717.662
1989 April,residential,1282.826
1989 May,residential,1105.255
1989 June,residential,1098.396
1989 July,residential,1245.201
1989 August,residential,1250.231
1989 September,residential,1116.278
1989 October,residential,1127.36
1989 November,residential,1338.571
1989 December,residential,2085.437
1990 January,residential,1967.722
1990 February,residential,1593.818
1990 March,residential,1497.659
1990 April,residential,1236.977
1990 May,residential,1075.033
1990 June,residential,1116.004
1990 July,residential,1253.591
1990 August,residential,1249.225
1990 September,residential,1152.173
1990 October,residential,1105.584
1990 November,residential,1246.796
1990 December,residential,1707.117
1991 January,residential,2084.496
1991 February,residential,1639.049
1991 March,residential,1544.588
1991 April,residential,1207.914
1991 May,residential,1106.454
1991 June,residential,1147.199
1991 July,residential,1301.491
1991 August,residential,1261.826
1991 September,residential,1117.701
1991 October,residential,1114.33
1991 November,residential,1399.983
1991 December,residential,1754.178
1992 January,residential,2001.145
1992 February,residential,1727.658
1992 March,residential,1555.168
1992 April,residential,1310.447
1992 May,residential,1086.73
1992 June,residential,1069.205
1992 July,residential,1257.228
1992 August,residential,1206.339
1992 September,residential,1118.728
1992 October,residential,1130.456
1992 November,residential,1368.243
1992 December,residential,1893.798
1993 January,residential,2043.991
1993 February,residential,1834.506
1993 March,residential,1786.747
1993 April,residential,1321.589
1993 May,residential,1048.38
1993 June,residential,1132.155
1993 July,residential,1382.215
1993 August,residential,1381.43
1993 September,residential,1168.603
1993 October,residential,1138.752
1993 November,residential,1407.208
1993 December,residential,1859.472
1994 January,residential,2306.373
1994 February,residential,1949.736
1994 March,residential,1662.462
1994 April,residential,1252.492
1994 May,residential,1107.645
1994 June,residential,1207.059
1994 July,residential,1359.839
1994 August,residential,1300.354
1994 September,residential,1121.22
1994 October,residential,1120.784
1994 November,residential,1314.922
1994 December,residential,1759.894
1995 January,residential,2040.845
1995 February,residential,1821.641
1995 March,residential,1604.432
1995 April,residential,1286.11
1995 May,residential,1148.938
1995 June,residential,1170.021
1995 July,residential,1405.934
1995 August,residential,1506.466
1995 September,residential,1196.11
1995 October,residential,1132.364
1995 November,residential,1474.339
1995 December,residential,1970.092
1996 January,residential,2305.295
1996 February,residential,2010.811
1996 March,residential,1804.746
1996 April,residential,1385.279
1996 May,residential,1222.292
1996 June,residential,1253.982
1996 July,residential,1397.506
1996 August,residential,1377.974
1996 September,residential,1191.532
1996 October,residential,1191.058
1996 November,residential,1542.278
1996 December,residential,1946.404
1997 January,residential,2237.858
1997 February,residential,1818.151
1997 March,residential,1626.021
1997 April,residential,1322.754
1997 May,residential,1164.665
1997 June,residential,1174.555
1997 July,residential,1453.214
1997 August,residential,1393.789
1997 September,residential,1223.39
1997 October,residential,1234.514
1997 November,residential,1499.959
1997 December,residential,1959.416
1998 January,residential,2074.127
1998 February,residential,1715.71
1998 March,residential,1730.199
1998 April,residential,1302.599
1998 May,residential,1208.799
1998 June,residential,1347.405
1998 July,residential,1582.735
1998 August,residential,1530.024
1998 September,residential,1324.955
1998 October,residential,1230.523
1998 November,residential,1336.426
1998 December,residential,1790.377
1999 January,residential,2322.419
1999 February,residential,1786.92
1999 March,residential,1823.578
1999 April,residential,1391.778
1999 May,residential,1216.199
1999 June,residential,1317.222
1999 July,residential,1605.586
1999 August,residential,1579.225
1999 September,residential,1286.012
1999 October,residential,1227.157
1999 November,residential,1346.251
1999 December,residential,1871.218
2000 January,residential,2307.195
2000 February,residential,2008.183
2000 March,residential,1655.704
2000 April,residential,1368.041
2000 May,residential,1307.371
2000 June,residential,1395.018
2000 July,residential,1538.59
2000 August,residential,1594.352
2000 September,residential,1346.997
2000 October,residential,1276.098
2000 November,residential,1557.122
2000 December,residential,2375.99
2001 January,residential,2550.621
2001 February,residential,1998.046
2001 March,residential,1886.348
2001 April,residential,1419.022
2001 May,residential,1226.662
2001 June,residential,1339.94
2001 July,residential,1565.864
2001 August,residential,1630.051
2001 September,residential,1305.228
2001 October,residential,1283.703
2001 November,residential,1381.601
2001 December,residential,1871.835
2002 January,residential,2257.725
2002 February,residential,1881.93
2002 March,residential,1866.281
2002 April,residential,1449.068
2002 May,residential,1312.895
2002 June,residential,1421.242
2002 July,residential,1669.515
2002 August,residential,1645.512
2002 September,residential,1416.064
2002 October,residential,1374.767
2002 November,residential,1609.551
2002 December,residential,2178.222
2003 January,residential,2539.052
2003 February,residential,2225.145
2003 March,residential,1907.583
2003 April,residential,1432.414
2003 May,residential,1310.902
2003 June,residential,1341.497
2003 July,residential,1618.752
2003 August,residential,1644.144
2003 September,residential,1388.522
2003 October,residential,1314.026
2003 November,residential,1503.06
2003 December,residential,2164.81
2004 January,residential,2564.662
2004 February,residential,2232.94
2004 March,residential,1792.638
2004 April,residential,1406.338
2004 May,residential,1323.618
2004 June,residential,1431.255
2004 July,residential,1609.343
2004 August,residential,1565.656
2004 September,residential,1390.896
2004 October,residential,1336.178
2004 November,residential,1524.783
2004 December,residential,2194.843
2005 January,residential,2449.827
2005 February,residential,2033.726
2005 March,residential,1952.917
2005 April,residential,1408.734
2005 May,residential,1313.643
2005 June,residential,1502.213
2005 July,residential,1768.876
2005 August,residential,1775.619
2005 September,residential,1500.861
2005 October,residential,1380.319
2005 November,residential,1512.665
2005 December,residential,2285.92
2006 January,residential,2114.728
2006 February,residential,1956.99
2006 March,residential,1873.469
2006 April,residential,1387.399
2006 May,residential,1302.084
2006 June,residential,1469.106
2006 July,residential,1761.964
2006 August,residential,1756.197
2006 September,residential,1365.604
2006 October,residential,1353.456
2006 November,residential,1538.937
2006 December,residential,2008.014
2007 January,residential,2321.191
2007 February,residential,2330.78
2007 March,residential,1867.855
2007 April,residential,1454.47
2007 May,residential,1315.056
2007 June,residential,1455.322
2007 July,residential,1660.415
2007 August,residential,1800.542
2007 September,residential,1498.405
2007 October,residential,1347.189
2007 November,residential,1563.165
2007 December,residential,2203.248
2008 January,residential,2505.231
2008 February,residential,2225.224
2008 March,residential,1940.278
2008 April,residential,1461.107
2008 May,residential,1302.656
2008 June,residential,1511.848
2008 July,residential,1704.058
2008 August,residential,1637.257
2008 September,residential,1378.492
2008 October,residential,1325.446
2008 November,residential,1595.843
2008 December,residential,2311.438
2009 January,residential,2570.727
2009 February,residential,2062.144
2009 March,residential,1840.11
2009 April,residential,1429.306
2009 May,residential,1273.89
2009 June,residential,1417.26
2009 July,residential,1605.573
2009 August,residential,1618.09
2009 September,residential,1341.289
2009 October,residential,1344.179
2009 November,residential,1453.207
2009 December,residential,2260.955
2010 January,residential,2636.067
2010 February,residential,2207.683
2010 March,residential,1826.555
2010 April,residential,1287.244
2010 May,residential,1303.075
2010 June,residential,1545.835
2010 July,residential,1782.242
2010 August,residential,1760.13
2010 September,residential,1413.901
2010 October,residential,1266.85
2010 November,residential,1546.072
2010 December,residential,2418.574
2011 January,residential,2603.837
2011 February,residential,2088.54
2011 March,residential,1770.6
2011 April,residential,1356.715
2011 May,residential,1267.368
2011 June,residential,1478.843
2011 July,residential,1782.574
2011 August,residential,1734.654
2011 September,residential,1383.943
2011 October,residential,1270.137
2011 November,residential,1508.998
2011 December,residential,2049.261
2012 January,residential,2194.369
2012 February,residential,1847.779
2012 March,residential,1466.221
2012 April,residential,1209.015
2012 May,residential,1250.248
2012 June,residential,1414.636
2012 July,residential,1740.773
2012 August,residential,1639.403
2012 September,residential,1330.807
2012 October,residential,1266.18
2012 November,residential,1565.7
2012 December,residential,1959.804
2013 January,residential,2351.351
2013 February,residential,2001.499
2013 March,residential,1925.283
2013 April,residential,1393.342
2013 May,residential,1217.029
2013 June,residential,1370.091
2013 July,residential,1606.834
2013 August,residential,1552.933
2013 September,residential,1362.435
2013 October,residential,1269.173
2013 November,residential,1628.863
2013 December,residential,2311.501
2014 January,residential,2698.171
2014 February,residential,2265.142
2014 March,residential,1981.561
2014 April,residential,1326.366
2014 May,residential,1246.424
2014 June,residential,1376.269
2014 July,residential,1548.908
2014 August,residential,1535.397
2014 September,residential,1356.762
2014 October,residential,1259.079
2014 November,residential,1686.457
2014 December,residential,2069.131
2015 January,residential,2476.094
2015 February,residential,2280.248
2015 March,residential,1872.565
2015 April,residential,1256.086
2015 May,residential,1206.447
2015 June,residential,1380.461
2015 July,residential,1616.782
2015 August,residential,1576.902
2015 September,residential,1356.467
2015 October,residential,1252.857
2015 November,residential,1439.582
2015 December,residential,1817.985
2016 January,residential,2310.554
2016 February,residential,1891.39
2016 March,residential,1476.54
2016 April,residential,1240.242
2016 May,residential,1177.79
2016 June,residential,1407.486
2016 July,residential,1682.128
2016 August,residential,1652.638
2016 September,residential,1368.977
2016 October,residential,1220.959
2016 November,residential,1366.744
2016 December,residential,2153.555
2017 January,residential,2220.962
2017 February,residential,1620.26
2017 March,residential,1659.625
2017 April,residential,1185.032
2017 May,residential,1186.693
2017 June,residential,1330.017
2017 July,residential,1595.528
2017 August,residential,1492.538
2017 September,residential,1262.557
2017 October,residential,1233.86
2017 November,residential,1518.824
2017 December,residential,2181.395
2018 January,residential,2597.281
2018 February,residential,1855.829
2018 March,residential,1786.388
2018 April,residential,1420.426
2018 May,residential,1227.506
2018 June,residential,1393.576
2018 July,residential,1627.884
2018 August,residential,1578.69
2018 September,residential,1351.772
2018 October,residential,1329.709
2018 November,residential,1746.928
2018 December,residential,2118.999
2019 January,residential,2411.172
2019 February,residential,2040.756
2019 March,residential,1872.455
2019 April,residential,1234.695
2019 May,residential,1222.334
2019 June,residential,1300.385
2019 July,residential,1595.8
2019 August,residential,1552.212
2019 September,residential,1347.57
2019 October,residential,1263.721
2019 November,residential,1702.227
2019 December,residential,2044.627
2020 January,residential,2098.272
2020 February,residential,1864.563
2020 March,residential,1552.707
2020 April,residential,1313.301
2020 May,residential,1261.756
2020 June,residential,1367.243
2020 July,residential,1672.608
2020 August,residential,1596.723
2020 September,residential,1290.538
2020 October,residential,1244.545
2020 November,residential,1429.835
2020 December,residential,2120.246
2021 January,residential,2291.668
2021 February,residential,2203.529
2021 March,residential,1676.63
2021 April,residential,1247.645
2021 May,residential,1198.28
2021 June,residential,1397.2
2021 July,residential,1575.87
2021 August,residential,1585.671
2021 September,residential,1302.314
2021 October,residential,1177.845
2021 November,residential,1497.023
2021 December,residential,1855.099
2022 January,residential,2422.67
2022 February,residential,2041.58
2022 March,residential,1665.28
2022 April,residential,1299.405
2022 May,residential,1249.887
2022 June,residential,1397.446
2022 July,residential,1646.22
2022 August,residential,1567.143
2022 September,residential,1276.462
2022 October,residential,1196.232
2022 November,residential,1550.625
2022 December,residential,2187.188
2023 January,residential,2128.798
2023 February,residential,1798.897
2023 March,residential,1723.478
2023 April,residential,1248.579
2023 May,residential,1159.176
2023 June,residential,1274.332
2023 July,residential,1616.735
2023 August,residential,1595.166
2023 September,residential,1312.385
1973 January,commercial,1035.184
1973 February,commercial,963.267
1973 March,commercial,841.078
1973 April,commercial,693.905
1973 May,commercial,649.991
1973 June,commercial,641.174
1973 July,commercial,650.257
1973 August,commercial,664.332
1973 September,commercial,617.155
1973 October,commercial,658.034
1973 November,commercial,763.773
1973 December,commercial,871.81
1974 January,commercial,990.716
1974 February,commercial,864.273
1974 March,commercial,817.08
1974 April,commercial,704.95
1974 May,commercial,636.952
1974 June,commercial,603.51
1974 July,commercial,651.899
1974 August,commercial,642.15
1974 September,commercial,603.011
1974 October,commercial,668.345
1974 November,commercial,734.621
1974 December,commercial,928.868
1975 January,commercial,947.075
1975 February,commercial,879.442
1975 March,commercial,843.688
1975 April,commercial,775.899
1975 May,commercial,645.955
1975 June,commercial,632.733
1975 July,commercial,662.764
1975 August,commercial,670.384
1975 September,commercial,615.282
1975 October,commercial,646.471
1975 November,commercial,691.181
1975 December,commercial,915.525
1976 January,commercial,1073.397
1976 February,commercial,927.978
1976 March,commercial,843.84
1976 April,commercial,709.814
1976 May,commercial,667.627
1976 June,commercial,674.027
1976 July,commercial,693.022
1976 August,commercial,688.664
1976 September,commercial,644.34
1976 October,commercial,692.269
1976 November,commercial,861.637
1976 December,commercial,1057.728
1977 January,commercial,1190.025
1977 February,commercial,991.906
1977 March,commercial,844.392
1977 April,commercial,718.255
1977 May,commercial,698.284
1977 June,commercial,706.587
1977 July,commercial,751.112
1977 August,commercial,737.698
1977 September,commercial,688.307
1977 October,commercial,703.268
1977 November,commercial,771.16
1977 December,commercial,994.115
1978 January,commercial,1088.395
1978 February,commercial,1043.996
1978 March,commercial,965.165
1978 April,commercial,731.534
1978 May,commercial,712.627
1978 June,commercial,714.698
1978 July,commercial,745.281
1978 August,commercial,762.973
1978 September,commercial,705.608
1978 October,commercial,725.746
1978 November,commercial,802.522
1978 December,commercial,995.86
1979 January,commercial,1175.465
1979 February,commercial,1113.392
1979 March,commercial,950.383
1979 April,commercial,784.394
1979 May,commercial,712.106
1979 June,commercial,701.982
1979 July,commercial,735.794
1979 August,commercial,745.889
1979 September,commercial,689.635
1979 October,commercial,740.25
1979 November,commercial,814.825
1979 December,commercial,969.333
1980 January,commercial,1057.342
1980 February,commercial,1024.553
1980 March,commercial,944.37
1980 April,commercial,752.98
1980 May,commercial,694.794
1980 June,commercial,710.639
1980 July,commercial,772.005
1980 August,commercial,763.606
1980 September,commercial,718.015
1980 October,commercial,748.525
1980 November,commercial,841.873
1980 December,commercial,1030.409
1981 January,commercial,1148.449
1981 February,commercial,962.307
1981 March,commercial,890.502
1981 April,commercial,738.38
1981 May,commercial,718.585
1981 June,commercial,749.829
1981 July,commercial,781.052
1981 August,commercial,773.777
1981 September,commercial,722.65
1981 October,commercial,779.199
1981 November,commercial,824.149
1981 December,commercial,1009.199
1982 January,commercial,1163.451
1982 February,commercial,1007.416
1982 March,commercial,943.221
1982 April,commercial,824.046
1982 May,commercial,723.441
1982 June,commercial,715.027
1982 July,commercial,782.347
1982 August,commercial,778.866
1982 September,commercial,757.451
1982 October,commercial,749.945
1982 November,commercial,811.473
1982 December,commercial,962.288
1983 January,commercial,1111.289
1983 February,commercial,937.525
1983 March,commercial,928.584
1983 April,commercial,814.128
1983 May,commercial,719.424
1983 June,commercial,731.462
1983 July,commercial,814.02
1983 August,commercial,837.61
1983 September,commercial,753.468
1983 October,commercial,755.273
1983 November,commercial,816.311
1983 December,commercial,1026.805
1984 January,commercial,1205.085
1984 February,commercial,1000.42
1984 March,commercial,997.236
1984 April,commercial,843.479
1984 May,commercial,788.726
1984 June,commercial,793.798
1984 July,commercial,834.046
1984 August,commercial,857.734
1984 September,commercial,786.23
1984 October,commercial,799.813
1984 November,commercial,869.216
1984 December,commercial,1000.275
1985 January,commercial,1134.721
1985 February,commercial,1078.076
1985 March,commercial,944.407
1985 April,commercial,817.416
1985 May,commercial,777.708
1985 June,commercial,785.079
1985 July,commercial,862.93
1985 August,commercial,861.142
1985 September,commercial,795.774
1985 October,commercial,812.723
1985 November,commercial,862.704
1985 December,commercial,1116.921
1986 January,commercial,1166.328
1986 February,commercial,1037.552
1986 March,commercial,959.744
1986 April,commercial,813.513
1986 May,commercial,801.318
1986 June,commercial,839.945
1986 July,commercial,913.159
1986 August,commercial,863.695
1986 September,commercial,817.455
1986 October,commercial,818.426
1986 November,commercial,884.938
1986 December,commercial,1055.95
1987 January,commercial,1155.596
1987 February,commercial,1043.114
1987 March,commercial,1006.505
1987 April,commercial,865.736
1987 May,commercial,845.275
1987 June,commercial,875.44
1987 July,commercial,940.668
1987 August,commercial,919.702
1987 September,commercial,848.106
1987 October,commercial,880.523
1987 November,commercial,923.366
1987 December,commercial,1091.599
1988 January,commercial,1243.411
1988 February,commercial,1142.862
1988 March,commercial,1067.166
1988 April,commercial,910.634
1988 May,commercial,875.869
1988 June,commercial,928.973
1988 July,commercial,1004.434
1988 August,commercial,1026.209
1988 September,commercial,884.873
1988 October,commercial,913.764
1988 November,commercial,959.957
1988 December,commercial,1131.917
1989 January,commercial,1190.225
1989 February,commercial,1153.098
1989 March,commercial,1137.303
1989 April,commercial,956.955
1989 May,commercial,923.62
1989 June,commercial,950.599
1989 July,commercial,1019.101
1989 August,commercial,1028.243
1989 September,commercial,931.571
1989 October,commercial,946.318
1989 November,commercial,1021.928
1989 December,commercial,1322.014
1990 January,commercial,1220.966
1990 February,commercial,1087.632
1990 March,commercial,1087.703
1990 April,commercial,980.944
1990 May,commercial,953.347
1990 June,commercial,1004.158
1990 July,commercial,1071.01
1990 August,commercial,1082.929
1990 September,commercial,989.597
1990 October,commercial,981.876
1990 November,commercial,1006.513
1990 December,commercial,1188.409
1991 January,commercial,1311.394
1991 February,commercial,1103.414
1991 March,commercial,1095.076
1991 April,commercial,965.842
1991 May,commercial,985.028
1991 June,commercial,1005.062
1991 July,commercial,1085.603
1991 August,commercial,1066.52
1991 September,commercial,970.265
1991 October,commercial,990.713
1991 November,commercial,1059.45
1991 December,commercial,1198.744
1992 January,commercial,1268.929
1992 February,commercial,1138.024
1992 March,commercial,1111.592
1992 April,commercial,1006.443
1992 May,commercial,959.749
1992 June,commercial,980.697
1992 July,commercial,1074.517
1992 August,commercial,1033.613
1992 September,commercial,994.665
1992 October,commercial,982.19
1992 November,commercial,1059.014
1992 December,commercial,1258.29
1993 January,commercial,1279.696
1993 February,commercial,1200.573
1993 March,commercial,1203.988
1993 April,commercial,1011.138
1993 May,commercial,944.63
1993 June,commercial,1021.39
1993 July,commercial,1117.063
1993 August,commercial,1114.346
1993 September,commercial,987.254
1993 October,commercial,993.504
1993 November,commercial,1070.393
1993 December,commercial,1237.625
1994 January,commercial,1401.256
1994 February,commercial,1248.179
1994 March,commercial,1183.785
1994 April,commercial,1017.641
1994 May,commercial,990.514
1994 June,commercial,1095.853
1994 July,commercial,1129.069
1994 August,commercial,1119.661
1994 September,commercial,1005.526
1994 October,commercial,1018.988
1994 November,commercial,1071.987
1994 December,commercial,1229.198
1995 January,commercial,1328.177
1995 February,commercial,1230.972
1995 March,commercial,1186.578
1995 April,commercial,1061.821
1995 May,commercial,1039.256
1995 June,commercial,1066.15
1995 July,commercial,1195.337
1995 August,commercial,1225.656
1995 September,commercial,1050.399
1995 October,commercial,1066.996
1995 November,commercial,1173.479
1995 December,commercial,1362.021
1996 January,commercial,1423.111
1996 February,commercial,1310.334
1996 March,commercial,1262.9
1996 April,commercial,1093.201
1996 May,commercial,1098.76
1996 June,commercial,1111.226
1996 July,commercial,1176.484
1996 August,commercial,1189.579
1996 September,commercial,1072.695
1996 October,commercial,1094.321
1996 November,commercial,1209.875
1996 December,commercial,1347.584
1997 January,commercial,1459.552
1997 February,commercial,1264.174
1997 March,commercial,1252.904
1997 April,commercial,1122.488
1997 May,commercial,1106.52
1997 June,commercial,1158.49
1997 July,commercial,1293.181
1997 August,commercial,1238.782
1997 September,commercial,1163.567
1997 October,commercial,1169.758
1997 November,commercial,1227.847
1997 December,commercial,1407.845
1998 January,commercial,1425.654
1998 February,commercial,1252.341
1998 March,commercial,1314.92
1998 April,commercial,1140.83
1998 May,commercial,1187.681
1998 June,commercial,1240.678
1998 July,commercial,1336.751
1998 August,commercial,1335.55
1998 September,commercial,1228.89
1998 October,commercial,1172.979
1998 November,commercial,1202.815
1998 December,commercial,1376.253
1999 January,commercial,1516.521
1999 February,commercial,1341.242
1999 March,commercial,1378.923
1999 April,commercial,1214.094
1999 May,commercial,1201.669
1999 June,commercial,1259.358
1999 July,commercial,1388.787
1999 August,commercial,1345.067
1999 September,commercial,1184.132
1999 October,commercial,1195.529
1999 November,commercial,1199.886
1999 December,commercial,1390.789
2000 January,commercial,1566.579
2000 February,commercial,1437.919
2000 March,commercial,1399.896
2000 April,commercial,1245.919
2000 May,commercial,1324.868
2000 June,commercial,1324.162
2000 July,commercial,1367.367
2000 August,commercial,1438.285
2000 September,commercial,1247.629
2000 October,commercial,1235.108
2000 November,commercial,1331.622
2000 December,commercial,1585.171
2001 January,commercial,1648.316
2001 February,commercial,1419.683
2001 March,commercial,1456.051
2001 April,commercial,1261.876
2001 May,commercial,1273.188
2001 June,commercial,1330.963
2001 July,commercial,1417.056
2001 August,commercial,1446.97
2001 September,commercial,1273.921
2001 October,commercial,1294.126
2001 November,commercial,1279.31
2001 December,commercial,1471.422
2002 January,commercial,1527.198
2002 February,commercial,1377.582
2002 March,commercial,1425.155
2002 April,commercial,1287.377
2002 May,commercial,1282.898
2002 June,commercial,1322.95
2002 July,commercial,1429.006
2002 August,commercial,1408.802
2002 September,commercial,1315.519
2002 October,commercial,1349.702
2002 November,commercial,1379.614
2002 December,commercial,1567.6
2003 January,commercial,1690.818
2003 February,commercial,1503.773
2003 March,commercial,1441.419
2003 April,commercial,1261.226
2003 May,commercial,1257.815
2003 June,commercial,1275.341
2003 July,commercial,1410.279
2003 August,commercial,1416.672
2003 September,commercial,1261.875
2003 October,commercial,1288.077
2003 November,commercial,1321.091
2003 December,commercial,1532.799
2004 January,commercial,1676.063
2004 February,commercial,1543.203
2004 March,commercial,1421.742
2004 April,commercial,1283.546
2004 May,commercial,1332.121
2004 June,commercial,1324.841
2004 July,commercial,1415.008
2004 August,commercial,1393.235
2004 September,commercial,1313.641
2004 October,commercial,1312.011
2004 November,commercial,1348.35
2004 December,commercial,1616.797
2005 January,commercial,1636.015
2005 February,commercial,1442.221
2005 March,commercial,1486.592
2005 April,commercial,1266.3
2005 May,commercial,1298.253
2005 June,commercial,1401.062
2005 July,commercial,1480.338
2005 August,commercial,1496.556
2005 September,commercial,1352.332
2005 October,commercial,1322.551
2005 November,commercial,1351.021
2005 December,commercial,1628.795
2006 January,commercial,1510.651
2006 February,commercial,1449.42
2006 March,commercial,1461.343
2006 April,commercial,1258
2006 May,commercial,1328.661
2006 June,commercial,1383.467
2006 July,commercial,1492.909
2006 August,commercial,1496.687
2006 September,commercial,1304.32
2006 October,commercial,1365.349
2006 November,commercial,1371.423
2006 December,commercial,1528.436
2007 January,commercial,1635.487
2007 February,commercial,1580.574
2007 March,commercial,1475.452
2007 April,commercial,1338.43
2007 May,commercial,1338.775
2007 June,commercial,1404.04
2007 July,commercial,1461.39
2007 August,commercial,1558.384
2007 September,commercial,1361.76
2007 October,commercial,1374.371
2007 November,commercial,1410.705
2007 December,commercial,1629.95
2008 January,commercial,1709.28
2008 February,commercial,1598.153
2008 March,commercial,1513.694
2008 April,commercial,1338.792
2008 May,commercial,1341.152
2008 June,commercial,1426.48
2008 July,commercial,1504.262
2008 August,commercial,1454.018
2008 September,commercial,1345.583
2008 October,commercial,1367.321
2008 November,commercial,1411.147
2008 December,commercial,1640.586
2009 January,commercial,1745.214
2009 February,commercial,1475.176
2009 March,commercial,1463.57
2009 April,commercial,1292.796
2009 May,commercial,1290.365
2009 June,commercial,1365.079
2009 July,commercial,1403.761
2009 August,commercial,1440.215
2009 September,commercial,1298.707
2009 October,commercial,1315.565
2009 November,commercial,1308.488
2009 December,commercial,1648.152
2010 January,commercial,1690.046
2010 February,commercial,1528.332
2010 March,commercial,1397.299
2010 April,commercial,1234.191
2010 May,commercial,1322.956
2010 June,commercial,1405.781
2010 July,commercial,1468.485
2010 August,commercial,1479.394
2010 September,commercial,1326.088
2010 October,commercial,1296.392
2010 November,commercial,1379.415
2010 December,commercial,1689.027
2011 January,commercial,1690.483
2011 February,commercial,1464.681
2011 March,commercial,1443.13
2011 April,commercial,1246.659
2011 May,commercial,1270.747
2011 June,commercial,1355.778
2011 July,commercial,1481.001
2011 August,commercial,1471.853
2011 September,commercial,1307.153
2011 October,commercial,1321.199
2011 November,commercial,1354.63
2011 December,commercial,1542.948
2012 January,commercial,1556.799
2012 February,commercial,1417.692
2012 March,commercial,1288.57
2012 April,commercial,1201.789
2012 May,commercial,1285.612
2012 June,commercial,1332.8
2012 July,commercial,1457.413
2012 August,commercial,1433.052
2012 September,commercial,1289.867
2012 October,commercial,1315.927
2012 November,commercial,1364.635
2012 December,commercial,1498.462
2013 January,commercial,1613.402
2013 February,commercial,1465.277
2013 March,commercial,1477.169
2013 April,commercial,1251.978
2013 May,commercial,1259.477
2013 June,commercial,1321.565
2013 July,commercial,1417.773
2013 August,commercial,1421.846
2013 September,commercial,1302.782
2013 October,commercial,1310.306
2013 November,commercial,1424.585
2013 December,commercial,1629.26
2014 January,commercial,1786.408
2014 February,commercial,1564.607
2014 March,commercial,1526.58
2014 April,commercial,1239.506
2014 May,commercial,1286.777
2014 June,commercial,1339.715
2014 July,commercial,1405.694
2014 August,commercial,1412.492
2014 September,commercial,1315.431
2014 October,commercial,1314.205
2014 November,commercial,1452.127
2014 December,commercial,1547.02
2015 January,commercial,1724.735
2015 February,commercial,1630.436
2015 March,commercial,1470.245
2015 April,commercial,1251.596
2015 May,commercial,1292.535
2015 June,commercial,1362.65
2015 July,commercial,1453.545
2015 August,commercial,1435.855
2015 September,commercial,1334.687
2015 October,commercial,1320.966
2015 November,commercial,1358.913
2015 December,commercial,1456.705
2016 January,commercial,1662.823
2016 February,commercial,1443.38
2016 March,commercial,1322.351
2016 April,commercial,1231.081
2016 May,commercial,1261.261
2016 June,commercial,1362.869
2016 July,commercial,1462.341
2016 August,commercial,1481.353
2016 September,commercial,1332.534
2016 October,commercial,1298.557
2016 November,commercial,1333.083
2016 December,commercial,1640.081
2017 January,commercial,1611.544
2017 February,commercial,1334.478
2017 March,commercial,1433.988
2017 April,commercial,1188.015
2017 May,commercial,1245.977
2017 June,commercial,1305.198
2017 July,commercial,1416.436
2017 August,commercial,1389.021
2017 September,commercial,1275.831
2017 October,commercial,1296.964
2017 November,commercial,1385.095
2017 December,commercial,1651.304
2018 January,commercial,1745.085
2018 February,commercial,1415.732
2018 March,commercial,1476.673
2018 April,commercial,1287.51
2018 May,commercial,1274.052
2018 June,commercial,1320.504
2018 July,commercial,1431.222
2018 August,commercial,1432.034
2018 September,commercial,1298.608
2018 October,commercial,1341.786
2018 November,commercial,1467.128
2018 December,commercial,1577.381
2019 January,commercial,1705.839
2019 February,commercial,1481.747
2019 March,commercial,1476.44
2019 April,commercial,1200.731
2019 May,commercial,1248.487
2019 June,commercial,1247.242
2019 July,commercial,1393.083
2019 August,commercial,1389.231
2019 September,commercial,1269.395
2019 October,commercial,1261.959
2019 November,commercial,1422.456
2019 December,commercial,1535.601
2020 January,commercial,1566.434
2020 February,commercial,1436.023
2020 March,commercial,1312.086
2020 April,commercial,1071.269
2020 May,commercial,1057.834
2020 June,commercial,1159.381
2020 July,commercial,1323.059
2020 August,commercial,1294.03
2020 September,commercial,1172.29
2020 October,commercial,1209.208
2020 November,commercial,1225.321
2020 December,commercial,1490.015
2021 January,commercial,1535.118
2021 February,commercial,1494.153
2021 March,commercial,1312.23
2021 April,commercial,1157.644
2021 May,commercial,1170.336
2021 June,commercial,1284.318
2021 July,commercial,1361.855
2021 August,commercial,1378.693
2021 September,commercial,1221.969
2021 October,commercial,1227.34
2021 November,commercial,1330.967
2021 December,commercial,1432.8
2022 January,commercial,1690.275
2022 February,commercial,1455.952
2022 March,commercial,1382.942
2022 April,commercial,1206.239
2022 May,commercial,1231.171
2022 June,commercial,1277.177
2022 July,commercial,1400.751
2022 August,commercial,1383.895
2022 September,commercial,1253.932
2022 October,commercial,1245.043
2022 November,commercial,1372.324
2022 December,commercial,1618.128
2023 January,commercial,1542.478
2023 February,commercial,1375.842
2023 March,commercial,1426.926
2023 April,commercial,1160.641
2023 May,commercial,1193.127
2023 June,commercial,1238.75
2023 July,commercial,1387.004
2023 August,commercial,1380.607
2023 September,commercial,1242.404
1973 January,industrial,2602.134
1973 February,industrial,2367.405
1973 March,industrial,2486.493
1973 April,industrial,2465.954
1973 May,industrial,2670.393
1973 June,industrial,2587.561
1973 July,industrial,2647.58
1973 August,industrial,2784.521
1973 September,industrial,2633.794
1973 October,industrial,2869.699
1973 November,industrial,2869.236
1973 December,industrial,2813.099
1974 January,industrial,2493.926
1974 February,industrial,2395.594
1974 March,industrial,2489.747
1974 April,industrial,2339.3
1974 May,industrial,2527.31
1974 June,industrial,2466.365
1974 July,industrial,2634.472
1974 August,industrial,2689.371
1974 September,industrial,2648.062
1974 October,industrial,2850.622
1974 November,industrial,2734.761
1974 December,industrial,2601.449
1975 January,industrial,2670.586
1975 February,industrial,2179.23
1975 March,industrial,2334.024
1975 April,industrial,2012.18
1975 May,industrial,2140.696
1975 June,industrial,2218.792
1975 July,industrial,2343.666
1975 August,industrial,2414.749
1975 September,industrial,2381.345
1975 October,industrial,2636.079
1975 November,industrial,2520.547
1975 December,industrial,2668.285
1976 January,industrial,2570.74
1976 February,industrial,2242.047
1976 March,industrial,2364.172
1976 April,industrial,2278.421
1976 May,industrial,2430.395
1976 June,industrial,2461.817
1976 July,industrial,2566.139
1976 August,industrial,2576.456
1976 September,industrial,2508.494
1976 October,industrial,2843.57
1976 November,industrial,2783.766
1976 December,industrial,2894.475
1977 January,industrial,2699.477
1977 February,industrial,2180.116
1977 March,industrial,2523.43
1977 April,industrial,2399.873
1977 May,industrial,2617.047
1977 June,industrial,2663.336
1977 July,industrial,2627.069
1977 August,industrial,2717.693
1977 September,industrial,2703.494
1977 October,industrial,2800.549
1977 November,industrial,2780.643
1977 December,industrial,2850.481
1978 January,industrial,2835.907
1978 February,industrial,2372.794
1978 March,industrial,2403.822
1978 April,industrial,2433.915
1978 May,industrial,2626.018
1978 June,industrial,2579.507
1978 July,industrial,2685.023
1978 August,industrial,2725.323
1978 September,industrial,2609.813
1978 October,industrial,2830.149
1978 November,industrial,2834.37
1978 December,industrial,2896.013
1979 January,industrial,2953.241
1979 February,industrial,2519.294
1979 March,industrial,2629.048
1979 April,industrial,2485.868
1979 May,industrial,2725.521
1979 June,industrial,2693.357
1979 July,industrial,2743.715
1979 August,industrial,2826.36
1979 September,industrial,2680.954
1979 October,industrial,2955.309
1979 November,industrial,2896.468
1979 December,industrial,2941.377
1980 January,industrial,2872.732
1980 February,industrial,2579.441
1980 March,industrial,2661.542
1980 April,industrial,2397.265
1980 May,industrial,2508.231
1980 June,industrial,2442.508
1980 July,industrial,2448.813
1980 August,industrial,2443.505
1980 September,industrial,2539.218
1980 October,industrial,2761.089
1980 November,industrial,2703.787
1980 December,industrial,2840.22
1981 January,industrial,2647.501
1981 February,industrial,2221.415
1981 March,industrial,2525.237
1981 April,industrial,2332.308
1981 May,industrial,2484.495
1981 June,industrial,2460.838
1981 July,industrial,2519.769
1981 August,industrial,2524.87
1981 September,industrial,2476.361
1981 October,industrial,2611.151
1981 November,industrial,2476.448
1981 December,industrial,2637.961
1982 January,industrial,2536.744
1982 February,industrial,2096.317
1982 March,industrial,2289.802
1982 April,industrial,2139.569
1982 May,industrial,2131.081
1982 June,industrial,2157.866
1982 July,industrial,2218.42
1982 August,industrial,2245.315
1982 September,industrial,2137.793
1982 October,industrial,2308.236
1982 November,industrial,2290.685
1982 December,industrial,2194.354
1983 January,industrial,2217.535
1983 February,industrial,2035.055
1983 March,industrial,2180.527
1983 April,industrial,2093.668
1983 May,industrial,2170.862
1983 June,industrial,2180.844
1983 July,industrial,2241.158
1983 August,industrial,2299.768
1983 September,industrial,2195.847
1983 October,industrial,2251.798
1983 November,industrial,2279.211
1983 December,industrial,2335.247
1984 January,industrial,2549.126
1984 February,industrial,2330.712
1984 March,industrial,2467.262
1984 April,industrial,2365.474
1984 May,industrial,2425.582
1984 June,industrial,2379.7
1984 July,industrial,2387.199
1984 August,industrial,2459.807
1984 September,industrial,2263.608
1984 October,industrial,2384.207
1984 November,industrial,2303.732
1984 December,industrial,2323.558
1985 January,industrial,2492.344
1985 February,industrial,2252.338
1985 March,industrial,2313.6
1985 April,industrial,2279.844
1985 May,industrial,2352.594
1985 June,industrial,2290.746
1985 July,industrial,2363.149
1985 August,industrial,2382.864
1985 September,industrial,2223.804
1985 October,industrial,2350.279
1985 November,industrial,2254.287
1985 December,industrial,2438.238
1986 January,industrial,2476.362
1986 February,industrial,2267.228
1986 March,industrial,2390.148
1986 April,industrial,2259.623
1986 May,industrial,2341.657
1986 June,industrial,2260.486
1986 July,industrial,2262.029
1986 August,industrial,2249.781
1986 September,industrial,2187.73
1986 October,industrial,2252.473
1986 November,industrial,2190.943
1986 December,industrial,2316.261
1987 January,industrial,2527.471
1987 February,industrial,2272.805
1987 March,industrial,2309.579
1987 April,industrial,2308.712
1987 May,industrial,2330.235
1987 June,industrial,2387
1987 July,industrial,2454.536
1987 August,industrial,2416.288
1987 September,industrial,2346.9
1987 October,industrial,2432.125
1987 November,industrial,2358.263
1987 December,industrial,2525.481
1988 January,industrial,2489.069
1988 February,industrial,2433.577
1988 March,industrial,2577.173
1988 April,industrial,2340.263
1988 May,industrial,2460.277
1988 June,industrial,2486.443
1988 July,industrial,2496.371
1988 August,industrial,2624.767
1988 September,industrial,2452.075
1988 October,industrial,2575.737
1988 November,industrial,2499.086
1988 December,industrial,2604.956
1989 January,industrial,2542.596
1989 February,industrial,2413.624
1989 March,industrial,2583.572
1989 April,industrial,2434.969
1989 May,industrial,2510.372
1989 June,industrial,2534.921
1989 July,industrial,2543.178
1989 August,industrial,2635.781
1989 September,industrial,2488.644
1989 October,industrial,2628.6
1989 November,industrial,2567.561
1989 December,industrial,2671.274
1990 January,industrial,2572.003
1990 February,industrial,2383.367
1990 March,industrial,2582.683
1990 April,industrial,2536.437
1990 May,industrial,2589.204
1990 June,industrial,2564.486
1990 July,industrial,2621.633
1990 August,industrial,2764.783
1990 September,industrial,2573.037
1990 October,industrial,2677.073
1990 November,industrial,2525.213
1990 December,industrial,2588.002
1991 January,industrial,2659.793
1991 February,industrial,2289.443
1991 March,industrial,2435.224
1991 April,industrial,2377.044
1991 May,industrial,2490.818
1991 June,industrial,2485.739
1991 July,industrial,2608.715
1991 August,industrial,2675.022
1991 September,industrial,2625.736
1991 October,industrial,2702.426
1991 November,industrial,2599.369
1991 December,industrial,2634.535
1992 January,industrial,2701.259
1992 February,industrial,2481.382
1992 March,industrial,2634.634
1992 April,industrial,2534.947
1992 May,industrial,2584.175
1992 June,industrial,2652.101
1992 July,industrial,2749.268
1992 August,industrial,2729.377
1992 September,industrial,2628.532
1992 October,industrial,2731.518
1992 November,industrial,2688.271
1992 December,industrial,2716.755
1993 January,industrial,2612.605
1993 February,industrial,2512.613
1993 March,industrial,2712.325
1993 April,industrial,2512.126
1993 May,industrial,2508.499
1993 June,industrial,2615.492
1993 July,industrial,2692.029
1993 August,industrial,2740.06
1993 September,industrial,2639.015
1993 October,industrial,2788.078
1993 November,industrial,2751.496
1993 December,industrial,2747.464
1994 January,industrial,2847.363
1994 February,industrial,2601.126
1994 March,industrial,2693.496
1994 April,industrial,2605.065
1994 May,industrial,2634.965
1994 June,industrial,2727.478
1994 July,industrial,2752.566
1994 August,industrial,2833.202
1994 September,industrial,2728.747
1994 October,industrial,2822.559
1994 November,industrial,2720.036
1994 December,industrial,2803.062
1995 January,industrial,2741.513
1995 February,industrial,2567.469
1995 March,industrial,2715.149
1995 April,industrial,2665.036
1995 May,industrial,2749.631
1995 June,industrial,2740.934
1995 July,industrial,2837.511
1995 August,industrial,2935.895
1995 September,industrial,2762.572
1995 October,industrial,2820.734
1995 November,industrial,2754.206
1995 December,industrial,2823.207
1996 January,industrial,2841.784
1996 February,industrial,2652.228
1996 March,industrial,2836.158
1996 April,industrial,2655.138
1996 May,industrial,2812.144
1996 June,industrial,2837.419
1996 July,industrial,2873.505
1996 August,industrial,2954.763
1996 September,industrial,2767.047
1996 October,industrial,3019.058
1996 November,industrial,2869.454
1996 December,industrial,2847.406
1997 January,industrial,2903.468
1997 February,industrial,2615.651
1997 March,industrial,2800.973
1997 April,industrial,2785.337
1997 May,industrial,2846.63
1997 June,industrial,2833.337
1997 July,industrial,2941.835
1997 August,industrial,2959.296
1997 September,industrial,2843.932
1997 October,industrial,2972.618
1997 November,industrial,2827.039
1997 December,industrial,2929.3
1998 January,industrial,2853.745
1998 February,industrial,2601.825
1998 March,industrial,2811.541
1998 April,industrial,2732.454
1998 May,industrial,2852.432
1998 June,industrial,2800.062
1998 July,industrial,2930.696
1998 August,industrial,2995.103
1998 September,industrial,2828.23
1998 October,industrial,2893.22
1998 November,industrial,2764.298
1998 December,industrial,2932.3
1999 January,industrial,2800.9
1999 February,industrial,2567.254
1999 March,industrial,2773.393
1999 April,industrial,2743.744
1999 May,industrial,2808.661
1999 June,industrial,2837.447
1999 July,industrial,2919.431
1999 August,industrial,3006.254
1999 September,industrial,2881.28
1999 October,industrial,2893.238
1999 November,industrial,2813.226
1999 December,industrial,2879.864
2000 January,industrial,2809.817
2000 February,industrial,2721.082
2000 March,industrial,2846.074
2000 April,industrial,2701.517
2000 May,industrial,2950.579
2000 June,industrial,2878.523
2000 July,industrial,2845.303
2000 August,industrial,3013.895
2000 September,industrial,2797.862
2000 October,industrial,2839.314
2000 November,industrial,2743.588
2000 December,industrial,2797.535
2001 January,industrial,2744.927
2001 February,industrial,2543.26
2001 March,industrial,2752.104
2001 April,industrial,2658.055
2001 May,industrial,2722.648
2001 June,industrial,2639.523
2001 July,industrial,2693.796
2001 August,industrial,2787.506
2001 September,industrial,2586.645
2001 October,industrial,2774.942
2001 November,industrial,2635.511
2001 December,industrial,2611.725
2002 January,industrial,2682.902
2002 February,industrial,2456.929
2002 March,industrial,2666.041
2002 April,industrial,2630.032
2002 May,industrial,2711.735
2002 June,industrial,2680.225
2002 July,industrial,2807.833
2002 August,industrial,2784.104
2002 September,industrial,2631.682
2002 October,industrial,2684.951
2002 November,industrial,2653.432
2002 December,industrial,2619.591
2003 January,industrial,2693.154
2003 February,industrial,2538.882
2003 March,industrial,2618.955
2003 April,industrial,2600.514
2003 May,industrial,2615.154
2003 June,industrial,2591.902
2003 July,industrial,2738.135
2003 August,industrial,2767.197
2003 September,industrial,2616.382
2003 October,industrial,2722.973
2003 November,industrial,2639.701
2003 December,industrial,2736.527
2004 January,industrial,2706.32
2004 February,industrial,2630.767
2004 March,industrial,2718.652
2004 April,industrial,2667.679
2004 May,industrial,2788.227
2004 June,industrial,2722.825
2004 July,industrial,2803.807
2004 August,industrial,2832.941
2004 September,industrial,2700.777
2004 October,industrial,2772.846
2004 November,industrial,2729.552
2004 December,industrial,2788.115
2005 January,industrial,2729.308
2005 February,industrial,2518.464
2005 March,industrial,2739.257
2005 April,industrial,2558.255
2005 May,industrial,2704.355
2005 June,industrial,2720.786
2005 July,industrial,2686.59
2005 August,industrial,2775.635
2005 September,industrial,2515.097
2005 October,industrial,2558.466
2005 November,industrial,2605.755
2005 December,industrial,2685.193
2006 January,industrial,2636.391
2006 February,industrial,2460.618
2006 March,industrial,2649.606
2006 April,industrial,2508.334
2006 May,industrial,2665.62
2006 June,industrial,2672.733
2006 July,industrial,2678.887
2006 August,industrial,2790.453
2006 September,industrial,2646.054
2006 October,industrial,2719.317
2006 November,industrial,2638.564
2006 December,industrial,2637.694
2007 January,industrial,2709.959
2007 February,industrial,2519.217
2007 March,industrial,2627.452
2007 April,industrial,2578.277
2007 May,industrial,2687.776
2007 June,industrial,2630.134
2007 July,industrial,2669.973
2007 August,industrial,2757.03
2007 September,industrial,2597.87
2007 October,industrial,2678.73
2007 November,industrial,2617.646
2007 December,industrial,2693.948
2008 January,industrial,2739.246
2008 February,industrial,2545.98
2008 March,industrial,2616.795
2008 April,industrial,2540.645
2008 May,industrial,2634.966
2008 June,industrial,2577.508
2008 July,industrial,2625.938
2008 August,industrial,2587.885
2008 September,industrial,2352.687
2008 October,industrial,2618.211
2008 November,industrial,2463.348
2008 December,industrial,2376.539
2009 January,industrial,2406.648
2009 February,industrial,2183.838
2009 March,industrial,2296.969
2009 April,industrial,2177.616
2009 May,industrial,2240.717
2009 June,industrial,2275.513
2009 July,industrial,2312.884
2009 August,industrial,2406.323
2009 September,industrial,2325.062
2009 October,industrial,2369.392
2009 November,industrial,2339.235
2009 December,industrial,2441.231
2010 January,industrial,2436.381
2010 February,industrial,2314.376
2010 March,industrial,2512.227
2010 April,industrial,2405.233
2010 May,industrial,2505.409
2010 June,industrial,2510.578
2010 July,industrial,2540.955
2010 August,industrial,2645.689
2010 September,industrial,2520.179
2010 October,industrial,2465.782
2010 November,industrial,2475.919
2010 December,industrial,2620.166
2011 January,industrial,2585.023
2011 February,industrial,2311.884
2011 March,industrial,2576.291
2011 April,industrial,2402.291
2011 May,industrial,2469.321
2011 June,industrial,2482.403
2011 July,industrial,2551.936
2011 August,industrial,2639.418
2011 September,industrial,2479.917
2011 October,industrial,2544.226
2011 November,industrial,2547.095
2011 December,industrial,2525.797
2012 January,industrial,2574.664
2012 February,industrial,2448.751
2012 March,industrial,2476.11
2012 April,industrial,2394.513
2012 May,industrial,2540.232
2012 June,industrial,2496.363
2012 July,industrial,2575.006
2012 August,industrial,2610.877
2012 September,industrial,2436.06
2012 October,industrial,2576.652
2012 November,industrial,2522.795
2012 December,industrial,2568.557
2013 January,industrial,2616.565
2013 February,industrial,2373.951
2013 March,industrial,2510.415
2013 April,industrial,2420.268
2013 May,industrial,2562.432
2013 June,industrial,2519.937
2013 July,industrial,2631.397
2013 August,industrial,2619.451
2013 September,industrial,2563.104
2013 October,industrial,2628.648
2013 November,industrial,2635.694
2013 December,industrial,2673.44
2014 January,industrial,2694.669
2014 February,industrial,2395.215
2014 March,industrial,2519.4
2014 April,industrial,2475.639
2014 May,industrial,2547.799
2014 June,industrial,2528.276
2014 July,industrial,2647.983
2014 August,industrial,2672.452
2014 September,industrial,2572.336
2014 October,industrial,2631.172
2014 November,industrial,2593.332
2014 December,industrial,2635.5
2015 January,industrial,2657.266
2015 February,industrial,2442.799
2015 March,industrial,2531.36
2015 April,industrial,2459.453
2015 May,industrial,2578.948
2015 June,industrial,2613.965
2015 July,industrial,2692.936
2015 August,industrial,2668.933
2015 September,industrial,2507.914
2015 October,industrial,2494.449
2015 November,industrial,2431.016
2015 December,industrial,2525.755
2016 January,industrial,2615.191
2016 February,industrial,2480.963
2016 March,industrial,2519.131
2016 April,industrial,2407.557
2016 May,industrial,2484.205
2016 June,industrial,2518.597
2016 July,industrial,2601.184
2016 August,industrial,2690.36
2016 September,industrial,2502.767
2016 October,industrial,2545.988
2016 November,industrial,2500.704
2016 December,industrial,2639.698
2017 January,industrial,2608.714
2017 February,industrial,2322.596
2017 March,industrial,2592.021
2017 April,industrial,2448.763
2017 May,industrial,2558.864
2017 June,industrial,2567.108
2017 July,industrial,2667.035
2017 August,industrial,2651.725
2017 September,industrial,2509.995
2017 October,industrial,2582.986
2017 November,industrial,2624.136
2017 December,industrial,2698.95
2018 January,industrial,2725.674
2018 February,industrial,2417.237
2018 March,industrial,2675.908
2018 April,industrial,2489.63
2018 May,industrial,2659.549
2018 June,industrial,2620.845
2018 July,industrial,2736.058
2018 August,industrial,2817.683
2018 September,industrial,2613.474
2018 October,industrial,2718.988
2018 November,industrial,2668.978
2018 December,industrial,2661.419
2019 January,industrial,2801.843
2019 February,industrial,2439.409
2019 March,industrial,2626.309
2019 April,industrial,2516.965
2019 May,industrial,2644.656
2019 June,industrial,2582.13
2019 July,industrial,2718.911
2019 August,industrial,2753.911
2019 September,industrial,2611.843
2019 October,industrial,2656.394
2019 November,industrial,2659.143
2019 December,industrial,2696.73
2020 January,industrial,2713.355
2020 February,industrial,2557.285
2020 March,industrial,2615.803
2020 April,industrial,2214.402
2020 May,industrial,2319.929
2020 June,industrial,2368.616
2020 July,industrial,2547.29
2020 August,industrial,2611.756
2020 September,industrial,2466.342
2020 October,industrial,2579.348
2020 November,industrial,2581.414
2020 December,industrial,2701.141
2021 January,industrial,2708.654
2021 February,industrial,2258.22
2021 March,industrial,2520.674
2021 April,industrial,2541.165
2021 May,industrial,2635.553
2021 June,industrial,2647.29
2021 July,industrial,2712.433
2021 August,industrial,2760.128
2021 September,industrial,2582.021
2021 October,industrial,2658.772
2021 November,industrial,2639.58
2021 December,industrial,2717.93
2022 January,industrial,2745.456
2022 February,industrial,2426.298
2022 March,industrial,2628.077
2022 April,industrial,2481.822
2022 May,industrial,2557.64
2022 June,industrial,2600.48
2022 July,industrial,2684.409
2022 August,industrial,2690.868
2022 September,industrial,2544.281
2022 October,industrial,2585.783
2022 November,industrial,2586.935
2022 December,industrial,2536.379
2023 January,industrial,2552.573
2023 February,industrial,2317.541
2023 March,industrial,2583.332
2023 April,industrial,2488.458
2023 May,industrial,2591.236
2023 June,industrial,2568.34
2023 July,industrial,2645.737
2023 August,industrial,2734.572
2023 September,industrial,2551.653
